Size,Article
101383,-
147801,2008_United_States_men's_Olympic_basketball_team
1298839,2018_FIFA_World_Cup
969996,2019_United_Kingdom_general_election
1560390,2020_United_States_presidential_election
773714,2022
550548,2022_Atlantic_hurricane_season
176372,2022_Ballon_d'Or
842406,2022_Brazilian_general_election
795287,2022_FIFA_World_Cup
536318,2022_FIVB_Volleyball_Women's_World_Championship
735190,2022_Formula_One_World_Championship
520104,2022_ICC_Men's_T20_World_Cup
1479572,2022_Russian_invasion_of_Ukraine
571851,2022_United_States_elections
400955,2022_in_film
390741,2022–23_Premier_League
520113,2022–23_UEFA_Champions_League
738945,2023_AFC_U-17_Asian_Cup_qualification
83653,2023_Cricket_World_Cup
239004,2026_FIFA_World_Cup
93388,20th_Century_Girl
610317,50_Cent
494732,AC_Omonia
406628,A_Certain_Magical_Index
78497,A_Friend_of_the_Family_(TV_series)
546147,A_Song_of_Ice_and_Fire
410194,Aaron_Judge
982738,Aaron_Rodgers
969067,Abraham_Lincoln
308860,Adam_Sandler
106959,Adipurush
871135,Adolf_Hitler
1139949,Afghanistan
125093,Aishwarya_Lekshmi
596606,Aishwarya_Rai_Bachchan
99059,Akshata_Murty
301314,Alan_Rickman
828206,Albert_Einstein
365478,Alec_Baldwin
599830,Alex_Jones
247183,Alexander_Volkanovski
926396,Alexander_the_Great
173374,Alexandra_Daddario
360518,Alia_Bhatt
149477,All_Quiet_on_the_Western_Front
87057,All_Quiet_on_the_Western_Front_(2022_film)
200980,Amal_Clooney
498464,Amazon_(company)
882172,American_Civil_War
633115,American_Horror_Story
143775,American_Horror_Story:_NYC
250844,American_Psycho_(film)
677097,Amitabh_Bachchan
66215,Amouranth
163038,Amsterdam_(2022_film)
263311,Ana_de_Armas
379862,Anderson_Silva
344903,Andor_(TV_series)
268694,Andrew_Tate
1012577,Android_(operating_system)
630598,Angela_Lansbury
774656,Angelina_Jolie
601440,Animal
248564,Anna_Nicole_Smith
215348,Anna_Sorokin
562892,"Anne,_Princess_Royal"
627321,Anne_Hathaway
513339,Anne_Heche
233130,Annie_Ernaux
391098,Ansel_Adams
303329,Ant-Man_and_the_Wasp:_Quantumania
694584,Antisemitism
210005,"Antony_Armstrong-Jones,_1st_Earl_of_Snowdon"
256991,Anya_Taylor-Joy
1129825,Apple_Inc.
117219,Apple_Network_Server
907940,Ariana_Grande
327487,Armie_Hammer
785283,Arnold_Schwarzenegger
801087,Arsenal_F.C.
177641,Arshad_Sharif
85291,Art_the_Clown
356364,Arthur_Miller
841251,Artificial_intelligence
227270,Ashton_Kutcher
906649,Atomic_bombings_of_Hiroshima_and_Nagasaki
76675,Attack_of_the_Dead_Men
149695,Austin_Butler
846803,Australia
101687,Autofellatio
395289,Avatar:_The_Way_of_Water
769832,Avatar_(2009_film)
388979,BBC_World_Service
906560,BTS
279860,Bad_Bunny
141758,Bailey_Zappe
499211,Ballon_d'Or
1092692,Bangladesh
1498115,Barack_Obama
110443,Barbarian_(2022_film)
215477,Beetlejuice
701234,Belarus
353582,Bella_Hadid
921301,Ben_Affleck
383559,Bette_Midler
516094,Better_Call_Saul
956823,Bible
179696,Bigg_Boss_(Hindi_season_16)
136118,Bigg_Boss_(Tamil_season_6)
57609,Biggest_ball_of_twine
711988,Bill_Gates
101802,Bill_Skarsgård
808472,Billie_Eilish
124292,Billy_Eichner
243544,Black_Adam
392705,Black_Adam_(film)
452933,Black_Panther:_Wakanda_Forever
943885,Black_Panther_(film)
251562,Blake_Lively
77605,Bleach:_Thousand-Year_Blood_War
437068,Blink-182
280485,Blonde_(2022_film)
147491,Blunt_trauma
181599,Bobby_Cannavale
652842,Borderline_personality_disorder
1578345,Boris_Johnson
692843,Brad_Pitt
500253,Brahmāstra:_Part_One_–_Shiva
619014,Bray_Wyatt
1005395,Brazil
683715,Breaking_Bad
209859,Brendan_Fraser
150757,Brendan_Gleeson
140625,Bridget_Moynahan
484577,Brittney_Griner
120060,Bros_(film)
263522,Brownie_(folklore)
542185,Bruce_Lee
340637,Bruce_Willis
389957,Bryce_Harper
195158,Bullet_Train_(film)
407986,Burj_Khalifa
604697,Burkina_Faso
148818,Buta_Kola
370471,C++
113281,CEO
1359127,COVID-19_pandemic
351295,C_(programming_language)
668408,Caitlyn_Jenner
1115044,California
391799,Call_of_Duty
371279,Call_of_Duty:_Modern_Warfare_2
170354,Call_of_Duty:_Modern_Warfare_II_(2022_video_game)
411217,Camila_Cabello
615695,"Camilla,_Queen_Consort"
1059332,Canada
276294,Canadian_Premier_League
385788,Candace_Owens
659587,Carly_Simon
410553,Carrie_Fisher
340878,Cartoon_Network
772943,Casualties_of_the_Russo-Ukrainian_War
719632,Cat
936668,Cate_Blanchett
311681,Catherine_de'_Medici
896689,Celine_Dion
616345,Chadwick_Boseman
410925,Chainsaw_Man
498759,Chancellor_of_the_Exchequer
65219,Charles_Chaplin_Jr.
109894,Charles_Cullen
1037207,Charles_III
388966,Charles_Manson
334404,Charles_Oliveira
720904,Charlie_Chaplin
298218,Charlie_Puth
471077,Charlize_Theron
922240,Chelsea_F.C.
949138,Cher
866597,Chernobyl_disaster
113030,Chief_executive_officer
1440492,China
241838,Chloë_Grace_Moretz
466020,Chola_dynasty
277223,Chris_Hemsworth
263008,Chris_Martin
272994,Chris_Pine
318810,Chris_Pratt
564737,Christian_Bale
320390,Christian_McCaffrey
739209,Christopher_Columbus
290557,Christopher_Guest
431919,Christopher_Lee
261133,Christopher_Lloyd
71454,Christopher_Scarver
358472,Chucky_(TV_series)
324153,Cillian_Murphy
952206,Cleopatra
814568,Clint_Eastwood
321578,Colin_Farrell
262971,Colonel_Tom_Parker
279330,Columbus_Day
550601,Conor_McGregor
951029,Conservative_Party_(UK)
195151,Constance_Wu
300050,Coolio
100365,Creed_III
576167,Crimea
384962,Crimean_Bridge
1786264,Cristiano_Ronaldo
138924,Crown_Jewel_(2022)
305721,Crystal_Gayle
220254,Cyberpunk:_Edgerunners
777358,Cyprus
672404,Czech_Republic
1443587,DC_Extended_Universe
43214,DD
74816,DEFCON
184923,Dahmer_–_Monster:_The_Jeffrey_Dahmer_Story
254698,Dakota_Johnson
214194,Dancing_with_the_Stars_(American_season_31)
379170,Daniel_Craig
88651,Daniel_Ek
351429,Daniel_Radcliffe
211717,Danny_DeVito
157008,Danny_Masterson
934455,David_Bowie
845167,David_Cameron
308206,David_Tennant
265279,Day_of_the_Dead
455710,Daylight_saving_time
307942,Death_of_Mahsa_Amini
221501,Death_of_Marilyn_Monroe
259641,Deaths_in_2022
431344,Deion_Sanders
1035115,Democratic_Party_(United_States)
225011,Dennis_Rader
426496,Deontay_Wilder
216310,Derry_Girls
995420,"Diana,_Princess_of_Wales"
89692,Diane_Morgan
197509,Dietrich_Mateschitz
105493,Disappearance_of_Emanuela_Orlandi
616015,Diwali
78639,Do_Revenge
101497,Dobaaraa
105382,Doctor_G
713640,Doctor_Who
602836,Dog
608772,Dolly_Parton
195143,Don't_Worry_Darling
1581324,Donald_Trump
358650,Drew_Barrymore
727751,Dua_Lipa
357057,Dulquer_Salmaan
441485,Dusty_Baker
861964,Dwayne_Johnson
292398,E-commerce
854890,Earth
181111,Ed_Gein
154597,Ed_and_Lorraine_Warren
313473,Eddie_Redmayne
462025,Edgar_Allan_Poe
200606,Edmund_Kemper
500660,Edward_VII
456108,Edward_VIII
314587,Elizabeth_Holmes
454114,Elizabeth_I
840462,Elizabeth_II
962389,Elon_Musk
931533,Elton_John
869217,Elvis_Presley
301320,Email
375249,Emilia_Clarke
281998,Emily_Blunt
557402,Emily_Ratajkowski
1003283,Eminem
64888,Emma_D'Arcy
287863,Emma_Roberts
481366,Emma_Watson
523362,Emmett_Till
311058,Empress_Elisabeth_of_Austria
1010356,England
882739,English_language
390335,Erling_Haaland
1046732,Europe
1224252,European_Union
146554,Evan_Peters
243931,Everything_Everywhere_All_at_Once
53289,Ewan_Mitchell
151975,Extreme_Rules_(2022)
212922,Ezra_Miller
917619,FC_Barcelona
928606,FC_Bayern_Munich
788776,FIFA_World_Cup
1102616,Facebook
79355,Fall_(2022_film)
757771,Fascism
213290,Fellatio
109303,Fire_&_Blood_(novel)
224122,Florence_Pugh
409621,Forrest_Gump
1197534,France
498487,Franz_Joseph_I_of_Austria
554502,Freddie_Mercury
362369,Freemasonry
104441,From_Scratch_(TV_series)
236119,Galadriel
1143014,Game_of_Thrones
215387,Gary_Ridgway
305061,Geena_Davis
517475,Generation_Z
488750,Genghis_Khan
339760,Geno_Smith
548765,George_Clooney
507026,George_V
345184,George_VI
1006009,George_Washington
826036,Georgia_(country)
170695,Gerard_Butler
805229,Germany
306133,Gigi_Hadid
743537,Giorgia_Meloni
403486,Gisele_Bündchen
76956,Gladys_Pearl_Baker
77450,GloRilla
441687,Gmail
241091,God_of_War_Ragnarök
154667,Godfather_(2022_film)
253302,Good_Friday_Agreement
115737,Goodbye_(2022_film)
874292,Google
195270,Google_Classroom
490656,Google_Maps
450513,Google_Translate
154796,Gotham_Knights_(video_game)
261795,Graham_Potter
1005298,Grey's_Anatomy
430393,Guillermo_del_Toro
166088,Guillermo_del_Toro's_Cabinet_of_Curiosities
53255,Guy_Goma
518967,Gwen_Stefani
223318,HESA_Shahed_136
99408,HTTP_404
305140,HTTP_cookie
202807,Hailey_Bieber
591421,Halloween
365356,Halloween_(1978_film)
311417,Halloween_(2018_film)
276170,Halloween_(franchise)
251870,Halloween_Ends
215102,Halloween_Kills
576512,Halsey_(singer)
143378,Hannah_Waddingham
592121,Harry_Potter
482638,Harry_Potter_(film_series)
630207,Harry_Styles
337123,Harvey_Weinstein
515561,Heath_Ledger
122914,Helen_Skelton
354373,Helena_Bonham_Carter
177341,Hellraiser
176193,Hellraiser_(2022_film)
160110,Hellraiser_(franchise)
242222,Henry_Cavill
531179,Henry_VIII
155637,Hereditary_(film)
491582,Herschel_Walker
335803,Hilary_Swank
207777,Hocus_Pocus_(1993_film)
204952,Hocus_Pocus_2
848461,Hong_Kong
462860,House_of_the_Dragon
552787,Houston_Astros
381827,Hu_Jintao
79414,Hugh_O'Leary
350400,Human_Development_Index
430428,Hurricane_Ian
310559,ICC_Men's_T20_World_Cup
747253,IOS
123996,Iliza_Shlesinger
1183268,India
891026,Indonesia
273871,Infosys
63275,Inheritance_(2020_film)
812109,Instagram
551534,Internet
466201,Interstellar_(film)
156147,Interview_with_the_Vampire_(TV_series)
1367270,Iran
685860,Ireland
171668,Isildur
204081,Islam_Makhachev
1380511,Israel
1377037,Italy
90131,JSON-LD
240719,Jack_Antonoff
233144,Jack_Dorsey
188841,Jack_Harlow
613278,Jackie_Chan
605210,Jacob_Rees-Mogg
866334,Jair_Bolsonaro
298513,Jake_Paul
244954,Jalen_Hurts
269962,James_Corden
74864,James_Dougherty_(police_officer)
79075,Jamie_Clayton
324300,Jamie_Lee_Curtis
73396,Jan_Broberg_Felt
831181,Japan
173597,Jason_Momoa
214798,Jason_Sudeikis
375311,JavaScript
84887,Jayde_Adams
215583,Jeepers_Creepers_(2001_film)
659230,Jeff_Bezos
302921,Jeff_Bridges
524558,Jeffrey_Dahmer
250009,Jenna_Ortega
451225,Jennifer_Aniston
375889,Jennifer_Connelly
212962,Jennifer_Coolidge
609485,Jennifer_Lawrence
981500,Jennifer_Lopez
605842,Jeremy_Hunt
318009,Jerry_Lee_Lewis
54591,Jesse_Anderson
611052,Jessica_Chastain
1208448,Jesus
470250,Jim_Carrey
1263614,Jimmy_Carter
171512,Joe_Alwyn
1681246,Joe_Biden
540670,Joe_DiMaggio
72311,John_Balcerzak
385850,John_Carpenter
459577,John_Fetterman
775675,John_Lennon
132176,John_List_(murderer)
604752,John_Wayne_Gacy
710227,Johnny_Depp
119915,Jonathan_Majors
487980,Jordan_Peterson
1197736,Joseph_Stalin
440918,Josh_Allen_(quarterback)
139150,Josh_Heupel
102852,Judy_Tenuta
309737,Jules_Bianchi
458138,Julia_Roberts
551679,Jurassic_World_Dominion
920977,Justin_Bieber
549129,Justin_Verlander
174226,Kaley_Cuoco
293261,Kantara_(film)
1286715,Kanye_West
154943,Kari_Lake
867274,Karim_Benzema
226160,Karthi
151281,Karthikeya_2
165781,Kathy_Najimy
891319,Kazakhstan
533044,Keanu_Reeves
656945,Keir_Starmer
206616,Kevin_Bacon
571413,Kevin_Spacey
425003,Khabib_Nurmagomedov
145338,Khvicha_Kvaratskhelia
494485,Kim_Kardashian
182336,Kim_Petras
1070465,Kobe_Bryant
153267,Kris_Jenner
285322,Kwasi_Kwarteng
649057,Kylian_Mbappé
366116,Kylie_Jenner
184652,Kym_Marsh
347637,LGBT
320389,La_Liga
323880,Laal_Singh_Chaddha
1215251,Lady_Gaga
60686,Last_Seen_Alive
1231060,LeBron_James
801922,Leonardo_DiCaprio
605748,Leonardo_da_Vinci
215049,Leslie_Jordan
1027126,Lewis_Hamilton
158135,Liam_Hemsworth
306081,Liam_Neeson
181981,Liger_(film)
131063,Lily_James
504109,LinkedIn
434475,Linux
1772551,Lionel_Messi
247122,Lisa_Marie_Presley
493623,List_of_A_Certain_Magical_Index_characters
693076,List_of_American_films_of_2022
386670,List_of_Doctor_Who_episodes_(2005–present)
316188,List_of_Hindi_films_of_2022
336614,List_of_James_Bond_films
902118,List_of_Marvel_Cinematic_Universe_films
299811,List_of_Rick_and_Morty_episodes
385674,List_of_Tamil_films_of_2022
153242,List_of_Teachers'_Days
189057,List_of_The_Handmaid's_Tale_episodes
548726,List_of_The_Walking_Dead_episodes
1072104,List_of_UFC_events
259635,List_of_World_Series_champions
595198,List_of_countries_and_dependencies_by_population
321598,List_of_countries_by_GDP_(nominal)
500079,List_of_countries_by_Human_Development_Index
932456,List_of_ethnic_slurs
240696,List_of_footballers_with_500_or_more_goals
744830,List_of_highest-grossing_Indian_films
198007,List_of_highest-grossing_Kannada_films
216632,List_of_highest-grossing_Tamil_films
948022,List_of_highest-grossing_films
133349,List_of_most-followed_Instagram_accounts
251718,List_of_most-subscribed_YouTube_channels
356693,List_of_presidents_of_the_United_States
485944,List_of_prime_ministers_of_the_United_Kingdom
94240,List_of_prime_ministers_of_the_United_Kingdom_by_length_of_tenure
1074163,List_of_serial_killers_by_number_of_victims
1216133,List_of_serial_killers_in_the_United_States
365877,List_of_states_and_territories_of_the_United_States
182429,Little_Women_(2022_TV_series)
695433,Liverpool_F.C.
840416,Liz_Truss
278677,Lizzo
854396,Lockheed_Martin_F-35_Lightning_II
1249267,London
420741,Loretta_Lynn
969925,Los_Angeles
661128,"Louis_Mountbatten,_1st_Earl_Mountbatten_of_Burma"
50896,Luckiest_Girl_Alive
67154,Luckiest_Girl_Alive_(film)
693664,Luiz_Inácio_Lula_da_Silva
94820,Luke_Macfarlane
645725,MacOS
975791,Madonna
1159384,Mahatma_Gandhi
318868,Mahsa_Amini_protests
76560,Main_Page
861601,Malaysia
213723,Mallikarjun_Kharge
867850,Malta
265315,Man-Thing
744483,Manchester_City_F.C.
905400,Manchester_United_F.C.
374802,Mani_Ratnam
801073,Mao_Zedong
1124349,Margaret_Thatcher
363954,Margot_Robbie
554161,Marilyn_Monroe
308460,Mark_Wahlberg
492915,Mark_Zuckerberg
542352,Marlon_Brando
261519,Martha_Stewart
79034,Martin_Lorentzon
1164454,Martin_Luther_King_Jr.
1072385,Marvel_Cinematic_Universe
447624,Marvel_Cinematic_Universe:_Phase_Five
1047276,Marvel_Cinematic_Universe:_Phase_Four
374543,"Mary,_Queen_of_Scots"
736299,Maryland
100753,Matt_Goss
229809,Matt_Smith
371007,Matthew_McConaughey
189940,Matthew_Perry
676812,Max_Verstappen
296244,Maximilian_I_of_Mexico
175839,Maya_Hawke
66676,Megan_(2023_film)
443304,Megan_Thee_Stallion
663820,"Meghan,_Duchess_of_Sussex"
502638,Mehmet_Oz
968728,Mexico
449359,Mia_Farrow
126750,Mia_Goth
1194145,Michael_Jackson
947656,Michael_Jordan
174205,Michael_Myers_(Halloween)
807327,Michael_Schumacher
89043,Microdata_(HTML)
632103,Microsoft
297530,Microsoft_365
619522,Microsoft_Office
403095,Microsoft_Windows
477165,Midnights
191955,Midsommar
204571,Mike_Flanagan_(filmmaker)
575383,Mike_Tyson
410575,Mila_Kunis
143120,Miles_Teller
888096,Millennials
252712,Millie_Bobby_Brown
77176,Milly_Alcock
757565,Minecraft
951157,Mohamed_Salah
101618,Morfydd_Clark
65807,Mostafa_El-Abbadi
245620,MrBeast
171977,Mrunal_Thakur
770462,Muhammad
802328,Muhammad_Ali
252336,Mulayam_Singh_Yadav
83765,Myra_Lewis_Williams
648525,NATO
120268,NXT_Halloween_Havoc_(2022)
136367,Naane_Varuvean
1068144,Nancy_Pelosi
513503,Nanjing_Massacre
413438,Naomi_Watts
890866,Napoleon
1355573,Narendra_Modi
609411,Natalie_Portman
206091,Nayanthara
145333,Ncuti_Gatwa
298421,Necrophilia
1069749,Netflix
894290,Netherlands
1611908,New_York_City
917082,New_Zealand
175262,Next_United_Kingdom_general_election
1071936,Neymar
235918,Nick_Cannon
910897,Nicki_Minaj
507937,Nicolas_Cage
750723,Nicole_Kidman
181364,Niecy_Nash
781365,Nigeria
620330,Nikola_Tesla
533492,No_Time_to_Die
298088,Nope_(film)
125189,Nora_Fatehi
760417,North_America
37888,Null
142025,Nury_Martinez
507170,OPEC
268030,October_2022_Conservative_Party_leadership_election
128987,October_2022_United_Kingdom_government_crisis
157097,Olivia_Cooke
227720,Olivia_Wilde
71340,Om_Raut
53039,Omri_Katz
193850,OnlyFans
806770,Opinion_polling_for_the_next_United_Kingdom_general_election
950053,Ottoman_Empire
164739,Overwatch_2
249139,Pablo_Escobar
152151,Paddy_Considine
1466777,Pakistan
82551,Parag_Agrawal
654888,Paris_Saint-Germain_F.C.
526625,Patrick_Mahomes
58800,Paul_Buchheit
964103,Paul_McCartney
512421,Paul_Newman
114167,Paul_Pelosi
267589,Peaky_Blinders_(TV_series)
121913,Pearl_(2022_film)
377698,Penny_Mordaunt
979891,Periodic_table
245370,Pete_Davidson
1234359,Peyton_Manning
766633,Philadelphia_Phillies
1321532,Philippines
331299,Pierce_Brosnan
661482,Pink_Floyd
340376,Pirates_of_the_Caribbean_(film_series)
1014138,Poland
147717,Ponniyin_Selvan
420306,Ponniyin_Selvan:_I
270322,Pornhub
507551,Pornography
192901,Prabhas
722370,Premier_League
382964,Prime_Minister_of_the_United_Kingdom
112451,Prince_(2022_film)
933396,Prince_(musician)
875958,"Prince_Harry,_Duke_of_Sussex"
603757,"Prince_Philip,_Duke_of_Edinburgh"
468865,"Princess_Margaret,_Countess_of_Snowdon"
109940,Princess_Sophie_of_Bavaria
226666,Priscilla_Presley
342438,Pro_Kabaddi_League
746306,Qatar
352626,Queen_Elizabeth_The_Queen_Mother
560974,Queen_Victoria
823019,Quentin_Tarantino
109500,RDFa
710946,RRR_(film)
56684,Raindrop_cake
208386,Rajaraja_I
99916,Rakshit_Shetty
195386,Ram_Setu_(film)
581643,Ramzan_Kadyrov
132282,Rashmika_Mandanna
977815,Real_Madrid_CF
550336,Red_Hot_Chili_Peppers
1234179,Republican_Party_(United_States)
216959,Richard_Ramirez
177807,Rick_Rubin
413301,Rick_and_Morty
91031,Rick_and_Morty_(season_6)
876282,Rihanna
215828,Rings_of_Power
91947,Rishab_Shetty
742170,Rishi_Sunak
278283,River_Phoenix
108965,Rob_McElhenney
223840,Robbie_Coltrane
435759,Robert_Downey_Jr.
933606,Robert_Lewandowski
612108,Robin_Williams
252736,Roblox
68035,Rohan_Murty
1187822,Roman_Empire
645099,Ron_DeSantis
1268712,Ronald_Reagan
1165927,Ronaldo_(Brazilian_footballer)
74567,Rorschach_(film)
226061,Rose_Byrne
576133,Rupert_Murdoch
716841,Russell_Wilson
1378032,Russia
1037826,Russo-Ukrainian_War
481794,Ryan_Gosling
352268,Ryan_Murphy_(filmmaker)
301773,Ryan_Reynolds
306302,Sacheen_Littlefeather
549503,Saddam_Hussein
134313,Sajid_Khan_(director)
483977,Salman_Khan
374858,Sam_Smith
260247,Samhain
203056,Samuel_Little
435001,Sandra_Bullock
608261,Sandy_Hook_Elementary_School_shooting
71168,Sara_Lee_(wrestler)
259309,Sarah_Jessica_Parker
134579,Sarah_Shahi
133199,Sardar_(2022_film)
1223904,Saudi_Arabia
253789,Sauron
727753,Scarlett_Johansson
350796,Scooby-Doo
87223,Scorn_(video_game)
152196,Sean_O'Malley_(fighter)
897322,Selena_Gomez
381960,Selma_Blair
253391,Seoul_Halloween_crowd_crush
1048982,September_11_attacks
251719,Seven_deadly_sins
297929,Sex
624166,Sexual_intercourse
713459,Shah_Rukh_Khan
646969,Shakira
59870,Shalin_Bhanot
913831,Shaquille_O'Neal
569827,She-Hulk:_Attorney_at_Law
331060,Shia_LaBeouf
1110869,Singapore
83204,Single-player
548143,Sinking_of_MV_Sewol
141365,Sita_Ramam
131559,Skaar_(character)
129327,Skathi_(moon)
102744,Slimer
72574,SmartBear
116333,Smile_(2022_film)
602491,Snoop_Dogg
425575,Soham_murders
173006,"Solar_eclipse_of_October_25,_2022"
77895,Sophia_Anne_Caruso
74704,Sosie_Bacon
823279,South_Africa
1034175,South_Korea
1042312,Soviet_Union
879478,Spain
752659,Spider-Man:_No_Way_Home
694917,Spotify
277865,Spy_×_Family
861495,Sri_Lanka
230530,Stanley_Tucci
55964,Steeve_Ho_You_Fat
833809,Stephen_Curry
114253,Stephen_Graham
792748,Stephen_Hawking
617044,Stephen_King
244946,Steve_Carell
732058,Steve_Jobs
360741,Steve_McQueen
633687,Stoneman_Douglas_High_School_shooting
653708,Stranger_Things
171026,Strictly_Come_Dancing_(series_20)
598520,Succession_(TV_series)
156283,Sudha_Murty
320489,Suella_Braverman
244123,Sundar_Pichai
248159,Super_Bowl_XXX
263550,Suriya
247754,Susan_Wojcicki
240051,Svante_Pääbo
960670,Sweden
823724,Switzerland
471501,Sylvester_Stallone
1150118,Taiwan
358076,Taj_Mahal
185188,Tales_of_the_Jedi_(TV_series)
113600,Talulah_Riley
255704,Tatiana_Maslany
1308892,Taylor_Swift
532512,Ted_Bundy
418471,Ted_Kaczynski
310394,Ted_Lasso
628454,Telegram_(software)
93851,Terrifier
146733,Terrifier_2
818009,Thailand
707299,Tham_Luang_cave_rescue
97377,Thank_God_(film)
113467,The_Banshees_of_Inisherin
959089,The_Batman_(film)
107898,The_Bear_(TV_series)
1050427,The_Beatles
558000,The_Big_Bang_Theory
155152,The_Black_Phone
296016,The_Blair_Witch_Project
381859,The_Boys_(TV_series)
576224,The_Crown_(TV_series)
109216,The_Empress_(TV_series)
559972,The_Godfather
77251,The_Good_Nurse
131030,The_Greatest_Beer_Run_Ever
537028,The_Handmaid's_Tale_(TV_series)
121294,The_Legend_of_Maula_Jatt
482564,The_Lord_of_the_Rings
705528,The_Lord_of_the_Rings:_The_Rings_of_Power
509136,The_Lord_of_the_Rings_(film_series)
176221,The_Masked_Singer_(American_season_8)
153158,The_Midnight_Club
372978,The_Nightmare_Before_Christmas
211113,The_Northman
135967,The_Peripheral_(TV_series)
522022,The_Pirate_Bay
366922,The_Sandman_(TV_series)
109583,The_School_for_Good_and_Evil
310096,The_School_for_Good_and_Evil_(film)
534927,The_Shining_(film)
360706,The_Sinner_(TV_series)
67750,The_Stranger_(2022_film)
741443,The_Troubles
207446,The_Try_Guys
756368,The_Walking_Dead_(TV_series)
299314,The_Walking_Dead_(season_11)
142078,The_Watcher_(2022_TV_series)
283586,The_White_Lotus
424212,The_Witcher_(TV_series)
158376,The_Woman_King
857142,The_World's_Billionaires
915291,Theresa_May
161504,Thiruchitrambalam
558501,Thor:_Love_and_Thunder
217820,Thora_Birch
236790,Thérèse_Coffey
108409,Ticket_to_Paradise_(2022_film)
569279,TikTok
363834,Tim_Burton
174623,Tim_Curry
185429,Timeline_of_the_2022_Russian_invasion_of_Ukraine
416737,Timeline_of_the_2022_Russian_invasion_of_Ukraine:_phase_3
393072,Timothée_Chalamet
1360163,Tom_Brady
491362,Tom_Cruise
272477,Tom_DeLonge
587803,Tom_Hanks
260438,Tom_Hardy
330290,Tom_Holland
76706,Tom_Pelphrey
356695,Tony_Adams
795324,Tony_Blair
238143,Tony_Curtis
265080,Top_Gun
497856,Top_Gun:_Maverick
293541,Travis_Barker
308579,Travis_Kelce
348543,Trevor_Noah
138578,Triangle_of_Sadness
234433,Trisha_(actress)
334832,Tua_Tagovailoa
658759,Tulsi_Gabbard
545918,Tupac_Shakur
1198320,Turkey
572125,Twitch_(service)
924859,Twitter
325257,"Twitter,_Inc."
599405,Tyson_Fury
137663,Tár
535600,UEFA_Champions_League
407554,UEFA_Europa_League
171508,UFC_280
945738,Ukraine
904146,United_Arab_Emirates
1317890,United_Kingdom
679925,United_Nations
1282336,United_States
71322,Vaishali_Takkar
250020,Val_Kilmer
224127,Vande_Bharat_Express
193725,Velma_Dinkley
209884,Vendhu_Thanindhathu_Kaadu
116375,Victor_Wembanyama
88604,Video_hosting_service
1241924,Vietnam
1262711,Vietnam_War
78872,Vijaya_Gadde
242232,Vijayadashami
504930,Vikram_(2022_film)
396841,Vikram_(actor)
250734,Vikram_Vedha
194070,Vikram_Vedha_(2022_film)
683845,Vincent_van_Gogh
909231,Virat_Kohli
146099,Viscus
1565815,Vladimir_Putin
826003,Volodymyr_Zelenskyy
178791,VoteRiders
65713,Waffle_House_Index
1234211,Wagner_Group
1088571,"Washington,_D.C."
217014,Waukesha_Christmas_parade_attack
53679,Web_server_directory_index
169598,Werewolf_by_Night
319705,Werewolf_by_Night_(TV_special)
649004,WhatsApp
269084,Wiki
478851,Wikimedia_Foundation
965976,Wikipedia
786605,"William,_Prince_of_Wales"
832406,William_Shakespeare
477434,Windows_10_version_history
341785,Winona_Ryder
1147359,Winston_Churchill
139041,Women's_Asia_Cup
60278,World_Teachers'_Day
1233809,World_War_I
1022908,World_War_II
608225,Wrexham_A.F.C.
64978,XNXX
93798,XVideos
43180,XXX
176403,XXX:_Return_of_Xander_Cage
89455,XXX:_State_of_the_Union
693441,XXXTentacion
33271,XXXX
68795,XXXX_(beer)
107085,XXX_(2002_film)
105626,XXX_(film_series)
152933,X_(2022_film)
1325276,Xi_Jinping
243342,Yellowstone_(American_TV_series)
246322,Yom_Kippur
1082885,YouTube
102449,YouTube_Music
260603,YouTube_Premium
258272,Young_Sheldon
368935,Yu_Darvish
377601,Zac_Efron
413602,Zendaya
1089767,Zlatan_Ibrahimović
321774,Zodiac_Killer
260626,Zoe_Saldaña
118144,index.html
410293,K.G.F:_Chapter_2
569057,A._P._J._Abdul_Kalam
51256,Jake_Paul_vs._Anderson_Silva
386530,Michael_J._Fox
105077,Mr._Harrigan's_Phone_(film)
1177368,John_F._Kennedy
546219,George_R._R._Martin
173743,T.J._Miller
205262,The_Super_Mario_Bros._Movie
190395,N._R._Narayana_Murthy
943155,Franklin_D._Roosevelt
852399,J._K._Rowling
587724,J._R._R._Tolkien
390189,U.S._state
